Gene1,Gene2,EdgeType,Source
PARP1,DNMT1,TF-Target,scGPT_emb500_filtered
PARP1,TCEA1,TF-Target,scGPT_emb500_filtered
PARP1,MCM5,TF-Target,scGPT_emb500_filtered
PARP1,SUPT16H,TF-Target,scGPT_emb500_filtered
PARP1,MCM3,TF-Target,scGPT_emb500_filtered
PARP1,MCM7,TF-Target,scGPT_emb500_filtered
PARP1,ILF3,TF-Target,scGPT_emb500_filtered
PARP1,XRCC5,TF-Target,scGPT_emb500_filtered
PARP1,GINS2,TF-Target,scGPT_emb500_filtered
PARP1,MCM6,TF-Target,scGPT_emb500_filtered
PARP1,SNRPD1,TF-TF,scGPT_emb500_filtered
PARP1,POLR2G,TF-Target,scGPT_emb500_filtered
PARP1,SSB,TF-TF,scGPT_emb500_filtered
PARP1,CDCA7L,TF-Target,scGPT_emb500_filtered
PARP1,EWSR1,TF-Target,scGPT_emb500_filtered
PARP1,MCM4,TF-Target,scGPT_emb500_filtered
PARP1,NONO,TF-TF,scGPT_emb500_filtered
PARP1,PSIP1,TF-Target,scGPT_emb500_filtered
PARP1,UBTF,TF-Target,scGPT_emb500_filtered
PARP1,CHAF1A,TF-Target,scGPT_emb500_filtered
PARP1,DEK,TF-Target,scGPT_emb500_filtered
PARP1,HMGA1,TF-Target,scGPT_emb500_filtered
PARP1,RNPS1,TF-TF,scGPT_emb500_filtered
PARP1,RBBP4,TF-Target,scGPT_emb500_filtered
PARP1,APEX1,TF-TF,scGPT_emb500_filtered
PARP1,MCM2,TF-Target,scGPT_emb500_filtered
PARP1,HNRNPD,TF-Target,scGPT_emb500_filtered
PARP1,PA2G4,TF-Target,scGPT_emb500_filtered
PARP1,SMARCC1,TF-Target,scGPT_emb500_filtered
PARP1,HNRNPAB,TF-Target,scGPT_emb500_filtered
PARP1,PRIM1,TF-Target,scGPT_emb500_filtered
PARP1,XRCC6,TF-Target,scGPT_emb500_filtered
PARP1,RUVBL1,TF-Target,scGPT_emb500_filtered
PARP1,UTP18,TF-Target,scGPT_emb500_filtered
PARP1,HCFC1,TF-Target,scGPT_emb500_filtered
PARP1,CENPK,TF-Target,scGPT_emb500_filtered
PARP1,MYBL2,TF-Target,scGPT_emb500_filtered
PARP1,RUVBL2,TF-Target,scGPT_emb500_filtered
PARP1,BCLAF1,TF-Target,scGPT_emb500_filtered
NONO,RBBP4,TF-Target,scGPT_emb500_filtered
NONO,RBMX,TF-TF,scGPT_emb500_filtered
NONO,ILF2,TF-TF,scGPT_emb500_filtered
NONO,HNRNPK,TF-TF,scGPT_emb500_filtered
NONO,APEX1,TF-TF,scGPT_emb500_filtered
NONO,ILF3,TF-Target,scGPT_emb500_filtered
NONO,XRCC6,TF-Target,scGPT_emb500_filtered
NONO,CBX3,TF-Target,scGPT_emb500_filtered
NONO,MCM7,TF-Target,scGPT_emb500_filtered
NONO,SNRPD1,TF-TF,scGPT_emb500_filtered
NONO,HMGA1,TF-Target,scGPT_emb500_filtered
NONO,SRSF3,TF-Target,scGPT_emb500_filtered
NONO,TRIM28,TF-Target,scGPT_emb500_filtered
NONO,NPM1,TF-Target,scGPT_emb500_filtered
NONO,CNBP,TF-Target,scGPT_emb500_filtered
NONO,POLR2G,TF-Target,scGPT_emb500_filtered
NONO,CSDE1,TF-Target,scGPT_emb500_filtered
NONO,EWSR1,TF-Target,scGPT_emb500_filtered
NONO,XRCC5,TF-Target,scGPT_emb500_filtered
NONO,DEK,TF-Target,scGPT_emb500_filtered
NONO,SOX4,TF-Target,scGPT_emb500_filtered
NONO,HNRNPD,TF-Target,scGPT_emb500_filtered
NONO,MCM3,TF-Target,scGPT_emb500_filtered
NONO,SRSF1,TF-Target,scGPT_emb500_filtered
NONO,SRSF10,TF-Target,scGPT_emb500_filtered
NONO,FUBP1,TF-Target,scGPT_emb500_filtered
NONO,DNMT1,TF-Target,scGPT_emb500_filtered
NONO,MCM2,TF-Target,scGPT_emb500_filtered
NONO,SNRPB,TF-TF,scGPT_emb500_filtered
NONO,SMARCC1,TF-Target,scGPT_emb500_filtered
NONO,RNPS1,TF-TF,scGPT_emb500_filtered
NONO,TCEA1,TF-Target,scGPT_emb500_filtered
NONO,PA2G4,TF-Target,scGPT_emb500_filtered
NONO,ENO1,TF-Target,scGPT_emb500_filtered
NONO,SUPT16H,TF-Target,scGPT_emb500_filtered
NONO,BCLAF1,TF-Target,scGPT_emb500_filtered
NONO,SRSF2,TF-Target,scGPT_emb500_filtered
NONO,MCM5,TF-Target,scGPT_emb500_filtered
NONO,LEF1,TF-Target,scGPT_emb500_filtered
NONO,EZH2,TF-Target,scGPT_emb500_filtered
NONO,SSB,TF-TF,scGPT_emb500_filtered
NONO,KHSRP,TF-Target,scGPT_emb500_filtered
NONO,DDX54,TF-Target,scGPT_emb500_filtered
NONO,SAP18,TF-Target,scGPT_emb500_filtered
NONO,SFPQ,TF-Target,scGPT_emb500_filtered
NONO,SRSF6,TF-Target,scGPT_emb500_filtered
NONO,FUS,TF-Target,scGPT_emb500_filtered
NONO,POLR2H,TF-Target,scGPT_emb500_filtered
NONO,HCFC1,TF-Target,scGPT_emb500_filtered
NONO,CENPK,TF-Target,scGPT_emb500_filtered
NONO,VIM,TF-Target,scGPT_emb500_filtered
NONO,NCAPG,TF-Target,scGPT_emb500_filtered
NONO,PSIP1,TF-Target,scGPT_emb500_filtered
NONO,IFI16,TF-Target,scGPT_emb500_filtered
NONO,MIF,TF-Target,scGPT_emb500_filtered
NONO,PDGFRA,TF-Target,scGPT_emb500_filtered
NONO,FXR1,TF-Target,scGPT_emb500_filtered
NONO,RFXANK,TF-Target,scGPT_emb500_filtered
APEX1,SSB,TF-TF,scGPT_emb500_filtered
APEX1,ILF2,TF-TF,scGPT_emb500_filtered
APEX1,NPM1,TF-Target,scGPT_emb500_filtered
APEX1,CNBP,TF-Target,scGPT_emb500_filtered
APEX1,XRCC6,TF-Target,scGPT_emb500_filtered
APEX1,ILF3,TF-Target,scGPT_emb500_filtered
APEX1,SNRPD1,TF-TF,scGPT_emb500_filtered
APEX1,SRSF3,TF-Target,scGPT_emb500_filtered
APEX1,MCM7,TF-Target,scGPT_emb500_filtered
APEX1,HNRNPK,TF-TF,scGPT_emb500_filtered
APEX1,ENO1,TF-Target,scGPT_emb500_filtered
APEX1,MCM5,TF-Target,scGPT_emb500_filtered
APEX1,XRCC5,TF-Target,scGPT_emb500_filtered
APEX1,PA2G4,TF-Target,scGPT_emb500_filtered
APEX1,RUVBL2,TF-Target,scGPT_emb500_filtered
APEX1,RBBP4,TF-Target,scGPT_emb500_filtered
APEX1,SAP18,TF-Target,scGPT_emb500_filtered
APEX1,RBMX,TF-TF,scGPT_emb500_filtered
APEX1,SUPT16H,TF-Target,scGPT_emb500_filtered
APEX1,SOX4,TF-Target,scGPT_emb500_filtered
APEX1,DDX54,TF-Target,scGPT_emb500_filtered
APEX1,SNRPB,TF-TF,scGPT_emb500_filtered
APEX1,RNPS1,TF-TF,scGPT_emb500_filtered
APEX1,ODC1,TF-Target,scGPT_emb500_filtered
APEX1,GINS2,TF-Target,scGPT_emb500_filtered
APEX1,SRSF2,TF-Target,scGPT_emb500_filtered
APEX1,CBX3,TF-Target,scGPT_emb500_filtered
APEX1,TRIM28,TF-Target,scGPT_emb500_filtered
APEX1,MCM4,TF-Target,scGPT_emb500_filtered
APEX1,POLR2H,TF-Target,scGPT_emb500_filtered
APEX1,HMGA1,TF-Target,scGPT_emb500_filtered
APEX1,HNRNPAB,TF-Target,scGPT_emb500_filtered
APEX1,MCM2,TF-Target,scGPT_emb500_filtered
APEX1,POLR2G,TF-Target,scGPT_emb500_filtered
APEX1,MCM3,TF-Target,scGPT_emb500_filtered
APEX1,RFXANK,TF-Target,scGPT_emb500_filtered
APEX1,SRSF10,TF-Target,scGPT_emb500_filtered
APEX1,BCLAF1,TF-Target,scGPT_emb500_filtered
APEX1,CSDE1,TF-Target,scGPT_emb500_filtered
APEX1,TCEA1,TF-Target,scGPT_emb500_filtered
SSB,SNRPD1,TF-TF,scGPT_emb500_filtered
SSB,XRCC6,TF-Target,scGPT_emb500_filtered
SSB,PA2G4,TF-Target,scGPT_emb500_filtered
SSB,SAP18,TF-Target,scGPT_emb500_filtered
SSB,RUVBL2,TF-Target,scGPT_emb500_filtered
SSB,SUPT16H,TF-Target,scGPT_emb500_filtered
SSB,CNBP,TF-Target,scGPT_emb500_filtered
SSB,RUVBL1,TF-Target,scGPT_emb500_filtered
SSB,SNRPB,TF-TF,scGPT_emb500_filtered
SSB,HNRNPK,TF-TF,scGPT_emb500_filtered
SSB,NPM1,TF-Target,scGPT_emb500_filtered
SSB,XRCC5,TF-Target,scGPT_emb500_filtered
SSB,SRSF10,TF-Target,scGPT_emb500_filtered
SSB,ILF3,TF-Target,scGPT_emb500_filtered
SSB,BCLAF1,TF-Target,scGPT_emb500_filtered
SSB,EWSR1,TF-Target,scGPT_emb500_filtered
SSB,DEK,TF-Target,scGPT_emb500_filtered
SSB,ILF2,TF-TF,scGPT_emb500_filtered
SSB,SRSF2,TF-Target,scGPT_emb500_filtered
SSB,HNRNPD,TF-Target,scGPT_emb500_filtered
SSB,POLR2I,TF-Target,scGPT_emb500_filtered
SSB,DNAJC2,TF-Target,scGPT_emb500_filtered
SSB,RNPS1,TF-TF,scGPT_emb500_filtered
SSB,CEBPZ,TF-Target,scGPT_emb500_filtered
SSB,SRSF3,TF-Target,scGPT_emb500_filtered
SSB,POLR2G,TF-Target,scGPT_emb500_filtered
SSB,NOL11,TF-Target,scGPT_emb500_filtered
SSB,RBMX,TF-TF,scGPT_emb500_filtered
SSB,SFPQ,TF-Target,scGPT_emb500_filtered
SSB,CBX3,TF-Target,scGPT_emb500_filtered
SSB,FUS,TF-Target,scGPT_emb500_filtered
SSB,FUBP1,TF-Target,scGPT_emb500_filtered
SSB,PSIP1,TF-Target,scGPT_emb500_filtered
SSB,HNRNPAB,TF-Target,scGPT_emb500_filtered
SSB,POLR2K,TF-Target,scGPT_emb500_filtered
SSB,MCM7,TF-Target,scGPT_emb500_filtered
SSB,RBBP4,TF-Target,scGPT_emb500_filtered
SSB,ENO1,TF-Target,scGPT_emb500_filtered
SSB,TRIM28,TF-Target,scGPT_emb500_filtered
SSB,DNMT1,TF-Target,scGPT_emb500_filtered
SSB,SF1,TF-Target,scGPT_emb500_filtered
SSB,DECR1,TF-Target,scGPT_emb500_filtered
SSB,TCEA1,TF-Target,scGPT_emb500_filtered
ILF2,SNRPB,TF-TF,scGPT_emb500_filtered
ILF2,XRCC6,TF-Target,scGPT_emb500_filtered
ILF2,SAP18,TF-Target,scGPT_emb500_filtered
ILF2,SNRPD1,TF-TF,scGPT_emb500_filtered
ILF2,HNRNPK,TF-TF,scGPT_emb500_filtered
ILF2,MCM7,TF-Target,scGPT_emb500_filtered
ILF2,CCNB2,TF-Target,scGPT_emb500_filtered
ILF2,HMGA1,TF-Target,scGPT_emb500_filtered
ILF2,SRSF3,TF-Target,scGPT_emb500_filtered
ILF2,PA2G4,TF-Target,scGPT_emb500_filtered
ILF2,RUVBL2,TF-Target,scGPT_emb500_filtered
ILF2,NPM1,TF-Target,scGPT_emb500_filtered
ILF2,CDC20,TF-Target,scGPT_emb500_filtered
ILF2,RBBP4,TF-Target,scGPT_emb500_filtered
ILF2,ENO1,TF-Target,scGPT_emb500_filtered
ILF2,RNPS1,TF-TF,scGPT_emb500_filtered
ILF2,SOX4,TF-Target,scGPT_emb500_filtered
ILF2,CNBP,TF-Target,scGPT_emb500_filtered
ILF2,POLR2H,TF-Target,scGPT_emb500_filtered
ILF2,ALYREF,TF-Target,scGPT_emb500_filtered
ILF2,ILF3,TF-Target,scGPT_emb500_filtered
ILF2,DLGAP5,TF-Target,scGPT_emb500_filtered
ILF2,POLR2G,TF-Target,scGPT_emb500_filtered
ILF2,TRIM28,TF-Target,scGPT_emb500_filtered
ILF2,RUVBL1,TF-Target,scGPT_emb500_filtered
ILF2,SRSF2,TF-Target,scGPT_emb500_filtered
ILF2,HNRNPAB,TF-Target,scGPT_emb500_filtered
ILF2,ODC1,TF-Target,scGPT_emb500_filtered
ILF2,POLR2K,TF-Target,scGPT_emb500_filtered
ILF2,RBMX,TF-TF,scGPT_emb500_filtered
ILF2,SUPT16H,TF-Target,scGPT_emb500_filtered
ILF2,EWSR1,TF-Target,scGPT_emb500_filtered
ILF2,XRCC5,TF-Target,scGPT_emb500_filtered
ILF2,MCM3,TF-Target,scGPT_emb500_filtered
ILF2,CCNA2,TF-Target,scGPT_emb500_filtered
ILF2,SRSF10,TF-Target,scGPT_emb500_filtered
ILF2,CBX3,TF-Target,scGPT_emb500_filtered
ILF2,HNRNPD,TF-Target,scGPT_emb500_filtered
ILF2,UHRF1,TF-Target,scGPT_emb500_filtered
ILF2,SRSF1,TF-Target,scGPT_emb500_filtered
ILF2,CRABP2,TF-Target,scGPT_emb500_filtered
ILF2,RIOK1,TF-Target,scGPT_emb500_filtered
ILF2,MCM2,TF-Target,scGPT_emb500_filtered
ILF2,NCAPG,TF-Target,scGPT_emb500_filtered
ILF2,NUSAP1,TF-Target,scGPT_emb500_filtered
ILF2,TRIP6,TF-Target,scGPT_emb500_filtered
ILF2,CDCA8,TF-Target,scGPT_emb500_filtered
ILF2,DNAJC2,TF-Target,scGPT_emb500_filtered
ILF2,EEF1A1,TF-Target,scGPT_emb500_filtered
ILF2,EPCAM,TF-Target,scGPT_emb500_filtered
ILF2,SFPQ,TF-Target,scGPT_emb500_filtered
ILF2,FUBP1,TF-Target,scGPT_emb500_filtered
ILF2,FUS,TF-Target,scGPT_emb500_filtered
ILF2,DDX54,TF-Target,scGPT_emb500_filtered
ILF2,MCM5,TF-Target,scGPT_emb500_filtered
ILF2,IFI16,TF-Target,scGPT_emb500_filtered
ILF2,DEK,TF-Target,scGPT_emb500_filtered
SNRPB,SNRPD1,TF-TF,scGPT_emb500_filtered
SNRPB,MCM7,TF-Target,scGPT_emb500_filtered
SNRPB,HNRNPAB,TF-Target,scGPT_emb500_filtered
SNRPB,HMGA1,TF-Target,scGPT_emb500_filtered
SNRPB,SAP18,TF-Target,scGPT_emb500_filtered
SNRPB,DEK,TF-Target,scGPT_emb500_filtered
SNRPB,SRSF3,TF-Target,scGPT_emb500_filtered
SNRPB,PA2G4,TF-Target,scGPT_emb500_filtered
SNRPB,XRCC6,TF-Target,scGPT_emb500_filtered
SNRPB,SRSF2,TF-Target,scGPT_emb500_filtered
SNRPB,FUS,TF-Target,scGPT_emb500_filtered
SNRPB,NPM1,TF-Target,scGPT_emb500_filtered
SNRPB,MCM3,TF-Target,scGPT_emb500_filtered
SNRPB,ENO1,TF-Target,scGPT_emb500_filtered
SNRPB,HNRNPD,TF-Target,scGPT_emb500_filtered
SNRPB,HNRNPK,TF-TF,scGPT_emb500_filtered
SNRPB,RNPS1,TF-TF,scGPT_emb500_filtered
SNRPB,CNBP,TF-Target,scGPT_emb500_filtered
SNRPB,DNMT1,TF-Target,scGPT_emb500_filtered
SNRPB,YBX1,TF-TF,scGPT_emb500_filtered
SNRPB,MCM5,TF-Target,scGPT_emb500_filtered
SNRPB,ODC1,TF-Target,scGPT_emb500_filtered
SNRPB,GINS2,TF-Target,scGPT_emb500_filtered
SNRPB,POLR2H,TF-Target,scGPT_emb500_filtered
SNRPB,POLR2K,TF-Target,scGPT_emb500_filtered
SNRPB,SFPQ,TF-Target,scGPT_emb500_filtered
SNRPB,XRCC5,TF-Target,scGPT_emb500_filtered
SNRPB,SRSF10,TF-Target,scGPT_emb500_filtered
SNRPB,SUPT16H,TF-Target,scGPT_emb500_filtered
SNRPB,CRABP2,TF-Target,scGPT_emb500_filtered
SNRPB,ILF3,TF-Target,scGPT_emb500_filtered
SNRPB,ALYREF,TF-Target,scGPT_emb500_filtered
SNRPB,CHAF1A,TF-Target,scGPT_emb500_filtered
SNRPB,POLR2G,TF-Target,scGPT_emb500_filtered
SNRPB,SRSF1,TF-Target,scGPT_emb500_filtered
SNRPB,EWSR1,TF-Target,scGPT_emb500_filtered
SNRPB,TRIM28,TF-Target,scGPT_emb500_filtered
SNRPB,IFI16,TF-Target,scGPT_emb500_filtered
SNRPB,PMAIP1,TF-Target,scGPT_emb500_filtered
SNRPB,CDC20,TF-Target,scGPT_emb500_filtered
SNRPB,EPCAM,TF-Target,scGPT_emb500_filtered
SNRPB,RBMX,TF-TF,scGPT_emb500_filtered
SNRPB,RUVBL2,TF-Target,scGPT_emb500_filtered
SNRPB,NFKBIA,TF-Target,scGPT_emb500_filtered
SNRPB,KHSRP,TF-Target,scGPT_emb500_filtered
SNRPB,IRF1,TF-Target,scGPT_emb500_filtered
SNRPB,POLR2F,TF-Target,scGPT_emb500_filtered
YBX1,NPM1,TF-Target,scGPT_emb500_filtered
YBX1,PTMA,TF-Target,scGPT_emb500_filtered
YBX1,DEK,TF-Target,scGPT_emb500_filtered
YBX1,HNRNPAB,TF-Target,scGPT_emb500_filtered
YBX1,PA2G4,TF-Target,scGPT_emb500_filtered
YBX1,SFPQ,TF-Target,scGPT_emb500_filtered
YBX1,HNRNPK,TF-TF,scGPT_emb500_filtered
YBX1,VIM,TF-Target,scGPT_emb500_filtered
YBX1,MIF,TF-Target,scGPT_emb500_filtered
YBX1,CSDE1,TF-Target,scGPT_emb500_filtered
YBX1,HMGA1,TF-Target,scGPT_emb500_filtered
YBX1,CNBP,TF-Target,scGPT_emb500_filtered
YBX1,SRSF3,TF-Target,scGPT_emb500_filtered
YBX1,ENO1,TF-Target,scGPT_emb500_filtered
YBX1,CITED2,TF-Target,scGPT_emb500_filtered
YBX1,SNRPD1,TF-TF,scGPT_emb500_filtered
YBX1,PSIP1,TF-Target,scGPT_emb500_filtered
YBX1,CBX3,TF-Target,scGPT_emb500_filtered
YBX1,ODC1,TF-Target,scGPT_emb500_filtered
YBX1,SAP18,TF-Target,scGPT_emb500_filtered
YBX1,FUS,TF-Target,scGPT_emb500_filtered
YBX1,TCEA1,TF-Target,scGPT_emb500_filtered
YBX1,SRSF2,TF-Target,scGPT_emb500_filtered
YBX1,HNRNPD,TF-Target,scGPT_emb500_filtered
YBX1,SOX4,TF-Target,scGPT_emb500_filtered
YBX1,ILF3,TF-Target,scGPT_emb500_filtered
YBX1,EEF1A1,TF-Target,scGPT_emb500_filtered
RNPS1,EWSR1,TF-Target,scGPT_emb500_filtered
RNPS1,SRSF10,TF-Target,scGPT_emb500_filtered
RNPS1,FUS,TF-Target,scGPT_emb500_filtered
RNPS1,SRSF2,TF-Target,scGPT_emb500_filtered
RNPS1,SF1,TF-Target,scGPT_emb500_filtered
RNPS1,XRCC6,TF-Target,scGPT_emb500_filtered
RNPS1,SNRPD1,TF-TF,scGPT_emb500_filtered
RNPS1,RBBP4,TF-Target,scGPT_emb500_filtered
RNPS1,BCLAF1,TF-Target,scGPT_emb500_filtered
RNPS1,SUPT16H,TF-Target,scGPT_emb500_filtered
RNPS1,HNRNPD,TF-Target,scGPT_emb500_filtered
RNPS1,ILF3,TF-Target,scGPT_emb500_filtered
RNPS1,CNBP,TF-Target,scGPT_emb500_filtered
RNPS1,MCM7,TF-Target,scGPT_emb500_filtered
RNPS1,PA2G4,TF-Target,scGPT_emb500_filtered
RNPS1,SMARCC1,TF-Target,scGPT_emb500_filtered
RNPS1,RBMX,TF-TF,scGPT_emb500_filtered
RNPS1,SFPQ,TF-Target,scGPT_emb500_filtered
RNPS1,CSDE1,TF-Target,scGPT_emb500_filtered
RNPS1,XRCC5,TF-Target,scGPT_emb500_filtered
RNPS1,CBX3,TF-Target,scGPT_emb500_filtered
RNPS1,ELAVL2,TF-Target,scGPT_emb500_filtered
RNPS1,DNAJC2,TF-Target,scGPT_emb500_filtered
RNPS1,HNRNPK,TF-TF,scGPT_emb500_filtered
RNPS1,HMGA1,TF-Target,scGPT_emb500_filtered
RNPS1,DEK,TF-Target,scGPT_emb500_filtered
RNPS1,DNMT1,TF-Target,scGPT_emb500_filtered
RNPS1,PSIP1,TF-Target,scGPT_emb500_filtered
RNPS1,SRSF1,TF-Target,scGPT_emb500_filtered
RNPS1,SRSF3,TF-Target,scGPT_emb500_filtered
RNPS1,ENO1,TF-Target,scGPT_emb500_filtered
RNPS1,THY1,TF-Target,scGPT_emb500_filtered
RNPS1,HNRNPAB,TF-Target,scGPT_emb500_filtered
RNPS1,POLR2H,TF-Target,scGPT_emb500_filtered
RNPS1,TCEA1,TF-Target,scGPT_emb500_filtered
RNPS1,SAP18,TF-Target,scGPT_emb500_filtered
RNPS1,ATRX,TF-Target,scGPT_emb500_filtered
RBMX,SRSF3,TF-Target,scGPT_emb500_filtered
RBMX,HNRNPD,TF-Target,scGPT_emb500_filtered
RBMX,CBX3,TF-Target,scGPT_emb500_filtered
RBMX,SFPQ,TF-Target,scGPT_emb500_filtered
RBMX,HNRNPK,TF-TF,scGPT_emb500_filtered
RBMX,RBBP4,TF-Target,scGPT_emb500_filtered
RBMX,FUS,TF-Target,scGPT_emb500_filtered
RBMX,XRCC6,TF-Target,scGPT_emb500_filtered
RBMX,EWSR1,TF-Target,scGPT_emb500_filtered
RBMX,SF1,TF-Target,scGPT_emb500_filtered
RBMX,ILF3,TF-Target,scGPT_emb500_filtered
RBMX,FXR1,TF-Target,scGPT_emb500_filtered
RBMX,NPM1,TF-Target,scGPT_emb500_filtered
RBMX,XRCC5,TF-Target,scGPT_emb500_filtered
RBMX,SNRPD1,TF-TF,scGPT_emb500_filtered
RBMX,SRSF10,TF-Target,scGPT_emb500_filtered
RBMX,BCLAF1,TF-Target,scGPT_emb500_filtered
RBMX,CNBP,TF-Target,scGPT_emb500_filtered
RBMX,CSDE1,TF-Target,scGPT_emb500_filtered
RBMX,FUBP1,TF-Target,scGPT_emb500_filtered
RBMX,DEK,TF-Target,scGPT_emb500_filtered
RBMX,SRSF2,TF-Target,scGPT_emb500_filtered
RBMX,PSIP1,TF-Target,scGPT_emb500_filtered
RBMX,SOX4,TF-Target,scGPT_emb500_filtered
RBMX,PA2G4,TF-Target,scGPT_emb500_filtered
RBMX,SRSF1,TF-Target,scGPT_emb500_filtered
RBMX,SUPT16H,TF-Target,scGPT_emb500_filtered
RBMX,ATRX,TF-Target,scGPT_emb500_filtered
RBMX,SRSF6,TF-Target,scGPT_emb500_filtered
RBMX,SMARCC1,TF-Target,scGPT_emb500_filtered
RBMX,PDCD4,TF-Target,scGPT_emb500_filtered
RBMX,IFI16,TF-Target,scGPT_emb500_filtered
RBMX,PTMA,TF-Target,scGPT_emb500_filtered
HNRNPK,CNBP,TF-Target,scGPT_emb500_filtered
HNRNPK,XRCC6,TF-Target,scGPT_emb500_filtered
HNRNPK,SRSF3,TF-Target,scGPT_emb500_filtered
HNRNPK,NPM1,TF-Target,scGPT_emb500_filtered
HNRNPK,ENO1,TF-Target,scGPT_emb500_filtered
HNRNPK,CBX3,TF-Target,scGPT_emb500_filtered
HNRNPK,SRSF2,TF-Target,scGPT_emb500_filtered
HNRNPK,FUS,TF-Target,scGPT_emb500_filtered
HNRNPK,SAP18,TF-Target,scGPT_emb500_filtered
HNRNPK,CSDE1,TF-Target,scGPT_emb500_filtered
HNRNPK,RBBP4,TF-Target,scGPT_emb500_filtered
HNRNPK,HNRNPD,TF-Target,scGPT_emb500_filtered
HNRNPK,SFPQ,TF-Target,scGPT_emb500_filtered
HNRNPK,PA2G4,TF-Target,scGPT_emb500_filtered
HNRNPK,XRCC5,TF-Target,scGPT_emb500_filtered
HNRNPK,EWSR1,TF-Target,scGPT_emb500_filtered
HNRNPK,SNRPD1,TF-TF,scGPT_emb500_filtered
HNRNPK,DEK,TF-Target,scGPT_emb500_filtered
HNRNPK,SRSF10,TF-Target,scGPT_emb500_filtered
HNRNPK,PTMA,TF-Target,scGPT_emb500_filtered
HNRNPK,SOX4,TF-Target,scGPT_emb500_filtered
HNRNPK,BCLAF1,TF-Target,scGPT_emb500_filtered
HNRNPK,MIF,TF-Target,scGPT_emb500_filtered
HNRNPK,ATRX,TF-Target,scGPT_emb500_filtered
HNRNPK,FUBP1,TF-Target,scGPT_emb500_filtered
HNRNPK,HMGA1,TF-Target,scGPT_emb500_filtered
HNRNPK,ILF3,TF-Target,scGPT_emb500_filtered
HNRNPK,SF1,TF-Target,scGPT_emb500_filtered
HNRNPK,HNRNPAB,TF-Target,scGPT_emb500_filtered
HNRNPK,SUPT16H,TF-Target,scGPT_emb500_filtered
HNRNPK,EEF1A1,TF-Target,scGPT_emb500_filtered
HNRNPK,IFI16,TF-Target,scGPT_emb500_filtered
HNRNPK,TCEA1,TF-Target,scGPT_emb500_filtered
HNRNPK,SRSF1,TF-Target,scGPT_emb500_filtered
HNRNPK,STAT3,TF-Target,scGPT_emb500_filtered
HNRNPK,LEF1,TF-Target,scGPT_emb500_filtered
HNRNPK,VIM,TF-Target,scGPT_emb500_filtered
HNRNPK,POLR2G,TF-Target,scGPT_emb500_filtered
SNRPD1,HMGA1,TF-Target,scGPT_emb500_filtered
SNRPD1,PA2G4,TF-Target,scGPT_emb500_filtered
SNRPD1,DNMT1,TF-Target,scGPT_emb500_filtered
SNRPD1,SRSF3,TF-Target,scGPT_emb500_filtered
SNRPD1,MCM7,TF-Target,scGPT_emb500_filtered
SNRPD1,HNRNPAB,TF-Target,scGPT_emb500_filtered
SNRPD1,DEK,TF-Target,scGPT_emb500_filtered
SNRPD1,SAP18,TF-Target,scGPT_emb500_filtered
SNRPD1,NPM1,TF-Target,scGPT_emb500_filtered
SNRPD1,XRCC6,TF-Target,scGPT_emb500_filtered
SNRPD1,SRSF2,TF-Target,scGPT_emb500_filtered
SNRPD1,SUPT16H,TF-Target,scGPT_emb500_filtered
SNRPD1,POLR2H,TF-Target,scGPT_emb500_filtered
SNRPD1,POLR2K,TF-Target,scGPT_emb500_filtered
SNRPD1,ILF3,TF-Target,scGPT_emb500_filtered
SNRPD1,HNRNPD,TF-Target,scGPT_emb500_filtered
SNRPD1,MCM3,TF-Target,scGPT_emb500_filtered
SNRPD1,XRCC5,TF-Target,scGPT_emb500_filtered
SNRPD1,CBX3,TF-Target,scGPT_emb500_filtered
SNRPD1,RUVBL2,TF-Target,scGPT_emb500_filtered
SNRPD1,POLR2F,TF-Target,scGPT_emb500_filtered
SNRPD1,POLR2G,TF-Target,scGPT_emb500_filtered
SNRPD1,POLR2I,TF-Target,scGPT_emb500_filtered
SNRPD1,ENO1,TF-Target,scGPT_emb500_filtered
SNRPD1,SRSF10,TF-Target,scGPT_emb500_filtered
SNRPD1,SRSF1,TF-Target,scGPT_emb500_filtered
SNRPD1,UHRF1,TF-Target,scGPT_emb500_filtered
SNRPD1,RUVBL1,TF-Target,scGPT_emb500_filtered
SNRPD1,U2AF1,TF-Target,scGPT_emb500_filtered
SNRPD1,RBBP4,TF-Target,scGPT_emb500_filtered
SNRPD1,GINS2,TF-Target,scGPT_emb500_filtered
SNRPD1,NUSAP1,TF-Target,scGPT_emb500_filtered
SNRPD1,IFI16,TF-Target,scGPT_emb500_filtered
SNRPD1,FUS,TF-Target,scGPT_emb500_filtered
SNRPD1,CENPK,TF-Target,scGPT_emb500_filtered
SNRPD1,CNBP,TF-Target,scGPT_emb500_filtered
SNRPD1,TCEA1,TF-Target,scGPT_emb500_filtered
SNRPD1,RAD51AP1,TF-Target,scGPT_emb500_filtered
SNRPD1,ODC1,TF-Target,scGPT_emb500_filtered
SNRPD1,CDC20,TF-Target,scGPT_emb500_filtered
SNRPD1,EWSR1,TF-Target,scGPT_emb500_filtered
SNRPD1,MIF,TF-Target,scGPT_emb500_filtered
SNRPD1,CCNA2,TF-Target,scGPT_emb500_filtered
